id,name,category,price_cents,stock,rating,created_at,updated_at
8aa10fd1-20a5-5dea-88e0-ffd88a8d048b,Red Wireless Headphones 001,electronics,72296,380,2.0,2026-01-01T09:00:00,2026-01-01T09:00:00
86c1b83e-da47-5904-94bb-89d9e5c6a80c,Blue Java Concurrency Guide 002,books,194360,347,4.6,2026-01-01T10:00:00,2026-01-01T10:00:00
98264951-954c-5c20-90f1-d89162b2830e,Red Storage Basket 003,home,8530,217,1.1,2026-01-01T11:00:00,2026-01-01T11:00:00
3cd9c868-a4da-5531-b6b1-672cafa80507,Blue Running Shoes 004,sports,132674,0,3.4,2026-01-01T12:00:00,2026-01-01T12:00:00
de3101ca-bd1d-562a-b590-fd6712fe1b34,Green Puzzle Set 005,toys,170562,367,3.8,2026-01-01T13:00:00,2026-01-01T13:00:00
0d2601e3-fdcc-5154-b4b9-023cddb7ce1c,White Hand Cream 006,beauty,154671,230,2.1,2026-01-01T14:00:00,2026-01-01T14:00:00
eb648e3e-dd6b-5b2f-84d9-a0cf885446e2,Red Bluetooth Speaker 007,electronics,110984,358,2.4,2026-01-01T15:00:00,2026-01-01T15:00:00
4b467e12-4524-530c-bfea-5d82cdb63233,Blue Spring in Practice 008,books,88435,491,1.4,2026-01-01T16:00:00,2026-01-01T16:00:00
8dda3d54-bf6e-5061-a140-df2fe448434a,White Ceramic Mug 009,home,90364,184,3.4,2026-01-01T17:00:00,2026-01-01T17:00:00
eb5c532f-9d18-5537-a931-6623853702e9,Red Resistance Bands 010,sports,32921,275,4.9,2026-01-01T18:00:00,2026-01-01T18:00:00
c1dee50d-46c3-5139-8954-2ae8795ce563,White Building Blocks 011,toys,77053,283,4.3,2026-01-01T19:00:00,2026-01-01T19:00:00
2f18e8e4-4372-55f1-afce-642882d56057,Green Lip Balm 012,beauty,50606,296,3.8,2026-01-01T20:00:00,2026-01-01T20:00:00
2987429b-4fdb-599a-9294-21e41cd0295e,Red Bluetooth Speaker 013,electronics,76060,396,4.9,2026-01-01T21:00:00,2026-01-01T21:00:00
6a314509-0292-503e-bce0-5600f69c4480,Blue Java Concurrency Guide 014,books,99846,0,2.1,2026-01-01T22:00:00,2026-01-01T22:00:00
d095cdd9-6e58-55cb-ab92-f3cc6b7acfe0,Black Desk Lamp 015,home,93331,190,1.8,2026-01-01T23:00:00,2026-01-01T23:00:00
f8c79252-c729-51b5-b3fd-3308093d1dea,Black Yoga Mat 016,sports,166654,312,1.7,2026-01-02T00:00:00,2026-01-02T00:00:00
6a28c79b-68c2-50e7-bd58-a4568239efaf,Blue Puzzle Set 017,toys,99670,237,2.1,2026-01-02T01:00:00,2026-01-02T01:00:00
3336eea4-2a52-56dd-bde7-b067720d5f2c,Green Hand Cream 018,beauty,85207,351,4.4,2026-01-02T02:00:00,2026-01-02T02:00:00
785ab921-e871-5206-a7a6-5a91910f9038,Red Bluetooth Speaker 019,electronics,8613,421,4.2,2026-01-02T03:00:00,2026-01-02T03:00:00
a4b5e169-4826-5459-908f-1ca5fb8bd9aa,White Database Internals 020,books,55506,34,4.7,2026-01-02T04:00:00,2026-01-02T04:00:00
01f0e8a4-3a3b-568e-99d2-55bbc870dc16,Green Throw Pillow 021,home,172018,109,3.0,2026-01-02T05:00:00,2026-01-02T05:00:00
521150fa-dd87-5c81-a89b-9d5b24c0d090,White Running Shoes 022,sports,36802,136,2.0,2026-01-02T06:00:00,2026-01-02T06:00:00
2c1520cb-1f66-5af1-9865-9af496dc0d2f,Green Board Game 023,toys,196024,135,3.3,2026-01-02T07:00:00,2026-01-02T07:00:00
6cee873e-0e16-5c10-89f4-df36191b65bc,Green Shampoo Bar 024,beauty,95094,0,1.9,2026-01-02T08:00:00,2026-01-02T08:00:00
f6fb096c-c2da-528c-9b85-8e40823bc58e,Blue Mechanical Keyboard 025,electronics,24030,253,4.0,2026-01-02T09:00:00,2026-01-02T09:00:00
28ec7fa0-ef05-575c-adef-af763c859ed8,Red Spring in Practice 026,books,42137,322,4.2,2026-01-02T10:00:00,2026-01-02T10:00:00
6b6c9095-abaa-5532-bb94-fd81061b8f50,White Storage Basket 027,home,101063,33,2.5,2026-01-02T11:00:00,2026-01-02T11:00:00
e8581235-9848-5661-83c8-6f434212b735,White Tennis Racket 028,sports,145223,129,4.4,2026-01-02T12:00:00,2026-01-02T12:00:00
aad311bb-efae-5272-a72f-429e6ce33da7,Red Building Blocks 029,toys,140962,350,4.0,2026-01-02T13:00:00,2026-01-02T13:00:00
642afd9f-23ab-5b38-9e41-93814ca3627f,Black Face Serum 030,beauty,114170,151,1.6,2026-01-02T14:00:00,2026-01-02T14:00:00
a2ad8412-242b-5ebc-8529-bd575f4be6ee,Red USB-C Charger 031,electronics,131424,498,4.0,2026-01-02T15:00:00,2026-01-02T15:00:00
189f5bb7-1603-5755-87da-d99a6c256bc9,Green Java Concurrency Guide 032,books,164117,446,2.2,2026-01-02T16:00:00,2026-01-02T16:00:00
94db2823-18e6-5747-b924-ce976b5cd9c3,Green Storage Basket 033,home,40264,102,2.5,2026-01-02T17:00:00,2026-01-02T17:00:00
16eed10b-a848-5e9f-9463-f9247747265a,Blue Tennis Racket 034,sports,139228,0,4.7,2026-01-02T18:00:00,2026-01-02T18:00:00
61aa919d-265e-55cb-9e1e-6db8e16c58ea,Green Remote Car 035,toys,5304,251,1.4,2026-01-02T19:00:00,2026-01-02T19:00:00
c3eeb4bf-263a-5467-8755-391d2d6b36c7,Black Lip Balm 036,beauty,15383,123,2.0,2026-01-02T20:00:00,2026-01-02T20:00:00
390be2d2-1803-5347-beac-48d1c47ccd89,Green Wireless Headphones 037,electronics,192064,44,2.9,2026-01-02T21:00:00,2026-01-02T21:00:00
91feb097-0637-559b-b840-23915aa8b9fa,Red Domain Modeling 038,books,33166,393,1.5,2026-01-02T22:00:00,2026-01-02T22:00:00
2b9d242d-e17e-5391-9587-3acab0c8069a,White Storage Basket 039,home,69682,85,3.1,2026-01-02T23:00:00,2026-01-02T23:00:00
5944cbb2-359b-5869-ae60-b89c34770f66,Green Resistance Bands 040,sports,55720,494,4.7,2026-01-03T00:00:00,2026-01-03T00:00:00
f193435a-f6c1-5bfe-8892-3fc62f095974,Blue Remote Car 041,toys,176277,205,3.6,2026-01-03T01:00:00,2026-01-03T01:00:00
ec765fe0-2347-5d3a-b122-7e98d79ed5ec,White Sunscreen 042,beauty,31919,232,2.0,2026-01-03T02:00:00,2026-01-03T02:00:00
b114f605-d6b4-5692-980d-eee04bb7c8d1,Red USB-C Charger 043,electronics,154420,11,3.2,2026-01-03T03:00:00,2026-01-03T03:00:00
faa86819-bb61-555b-b86a-cdec3dbf6081,Green Spring in Practice 044,books,2084,0,1.3,2026-01-03T04:00:00,2026-01-03T04:00:00
0222752f-085d-5b45-9ca2-7e4d8917546b,Red Desk Lamp 045,home,8433,35,4.4,2026-01-03T05:00:00,2026-01-03T05:00:00
950c1278-1d77-5520-b8a3-039174b08ff8,Red Tennis Racket 046,sports,73200,122,3.7,2026-01-03T06:00:00,2026-01-03T06:00:00
267770f9-f493-5424-bcf6-ff2384244d43,Blue Board Game 047,toys,189821,68,4.7,2026-01-03T07:00:00,2026-01-03T07:00:00
52f38061-fdc3-5343-807c-c9de5991673a,Green Sunscreen 048,beauty,63899,243,4.1,2026-01-03T08:00:00,2026-01-03T08:00:00
be3678c5-e9b5-5a62-a23c-f6161cacffe2,White Bluetooth Speaker 049,electronics,25608,49,3.6,2026-01-03T09:00:00,2026-01-03T09:00:00
5f791778-534b-5291-87db-76006dc4bc67,Black Clean Architecture 050,books,122626,211,4.5,2026-01-03T10:00:00,2026-01-03T10:00:00
ca099889-ecff-5e35-9bbb-52e208af265e,Red Ceramic Mug 051,home,105743,32,3.9,2026-01-03T11:00:00,2026-01-03T11:00:00
74b60501-0dd6-555c-8260-169c9a32d209,Red Running Shoes 052,sports,50061,99,3.1,2026-01-03T12:00:00,2026-01-03T12:00:00
80b44130-8677-59bd-988f-4e4478b073a6,Blue Plush Bear 053,toys,73217,94,2.9,2026-01-03T13:00:00,2026-01-03T13:00:00
81581a55-c83d-5e6d-a468-aac4e9635d6b,Red Shampoo Bar 054,beauty,144463,0,1.4,2026-01-03T14:00:00,2026-01-03T14:00:00
4b292cf7-a3df-5a00-8d2e-9de04a24f98e,Green Wireless Headphones 055,electronics,24647,497,4.7,2026-01-03T15:00:00,2026-01-03T15:00:00
e62005fa-7441-570f-a383-b9981f765b23,Blue Spring in Practice 056,books,127506,209,2.9,2026-01-03T16:00:00,2026-01-03T16:00:00
d16f4dd9-05b9-5153-81cb-b0c0151b7421,White Ceramic Mug 057,home,99544,85,1.0,2026-01-03T17:00:00,2026-01-03T17:00:00
f9dd1f8e-b662-58e4-bc0b-64a48c3850d7,White Water Bottle 058,sports,119476,475,2.1,2026-01-03T18:00:00,2026-01-03T18:00:00
fbb33e8f-8928-59e0-958e-d77649b2884d,Green Plush Bear 059,toys,49979,80,2.2,2026-01-03T19:00:00,2026-01-03T19:00:00
bf9e550d-7084-54c3-90ae-51ee89e759e3,Red Sunscreen 060,beauty,142332,377,1.2,2026-01-03T20:00:00,2026-01-03T20:00:00
deba8ed7-a8bd-50d6-a98e-568dd448154a,Black Wireless Headphones 061,electronics,153337,26,2.9,2026-01-03T21:00:00,2026-01-03T21:00:00
606a5529-0398-5106-93cc-96e3b6368cb9,Green Spring in Practice 062,books,133323,30,1.3,2026-01-03T22:00:00,2026-01-03T22:00:00
0a620fde-b7a5-519b-89db-1b3d1833d113,Blue Ceramic Mug 063,home,18014,305,3.7,2026-01-03T23:00:00,2026-01-03T23:00:00
1a6df596-2595-5c9d-8187-eeea932195fb,Blue Resistance Bands 064,sports,31626,0,4.8,2026-01-04T00:00:00,2026-01-04T00:00:00
2b798a13-c5d7-53a6-87df-37ed1c4788a0,Green Puzzle Set 065,toys,156048,297,1.2,2026-01-04T01:00:00,2026-01-04T01:00:00
3da905b2-b423-538c-b0c3-307ab2913c10,Red Shampoo Bar 066,beauty,153205,337,3.3,2026-01-04T02:00:00,2026-01-04T02:00:00
a0cd3b1a-0776-5a3b-a61c-bee52432047a,Black USB-C Charger 067,electronics,175763,105,3.9,2026-01-04T03:00:00,2026-01-04T03:00:00
45448ef5-6621-593e-8d8f-bc4939331cf7,Blue Database Internals 068,books,34507,203,3.7,2026-01-04T04:00:00,2026-01-04T04:00:00
d45c75ba-a4f3-5929-a3db-c18821bb4e7f,Black Wall Clock 069,home,197295,162,4.7,2026-01-04T05:00:00,2026-01-04T05:00:00
5595787d-4cb6-59e2-a1e0-8a117bc106a1,Red Resistance Bands 070,sports,147784,319,5.0,2026-01-04T06:00:00,2026-01-04T06:00:00
3014a9e1-099a-5320-93e3-68bfc6361fea,Red Board Game 071,toys,132813,110,2.1,2026-01-04T07:00:00,2026-01-04T07:00:00
3630389f-3e65-5990-a257-a2444ead2e60,Black Face Serum 072,beauty,64236,451,2.5,2026-01-04T08:00:00,2026-01-04T08:00:00
63063ae6-4897-5a7d-8d45-718088d28bf4,Blue Smart Watch 073,electronics,142600,427,3.8,2026-01-04T09:00:00,2026-01-04T09:00:00
a6b401c9-630f-5d5d-b898-5eaa999a0d37,Green Domain Modeling 074,books,2249,0,3.7,2026-01-04T10:00:00,2026-01-04T10:00:00
810b1758-7ab4-5c53-99be-43f4456b590e,Green Throw Pillow 075,home,174102,478,1.4,2026-01-04T11:00:00,2026-01-04T11:00:00
2fe9dc76-3f2e-5bb0-9f9b-dfcea8d97f55,Blue Water Bottle 076,sports,28257,60,4.0,2026-01-04T12:00:00,2026-01-04T12:00:00
cf72b3db-3635-58bd-9a59-c043115c6300,Blue Remote Car 077,toys,158751,145,1.8,2026-01-04T13:00:00,2026-01-04T13:00:00
e51e5c46-37cb-5b21-8058-d8270e44d7c8,Black Hand Cream 078,beauty,166460,352,4.4,2026-01-04T14:00:00,2026-01-04T14:00:00
9a45b7cc-38f9-56de-8565-1848c5eec349,Green Smart Watch 079,electronics,13515,129,1.4,2026-01-04T15:00:00,2026-01-04T15:00:00
abca67df-f2d7-54d6-84e0-40233dde6864,White Database Internals 080,books,1128,23,2.3,2026-01-04T16:00:00,2026-01-04T16:00:00
959226ad-22d4-5a8a-a857-e19f9c8b92c2,Blue Throw Pillow 081,home,194508,83,2.8,2026-01-04T17:00:00,2026-01-04T17:00:00
dd9d1a58-fa5d-540a-b634-55ecfcfa5da7,White Tennis Racket 082,sports,29526,5,1.3,2026-01-04T18:00:00,2026-01-04T18:00:00
f476d434-dca7-5595-bbaf-801cbfa48cf6,Blue Board Game 083,toys,96986,19,3.3,2026-01-04T19:00:00,2026-01-04T19:00:00
7e0b725f-f41d-534a-b7b6-4fd43f7194b4,Blue Shampoo Bar 084,beauty,33608,0,1.2,2026-01-04T20:00:00,2026-01-04T20:00:00
989eb2c0-6785-50d0-ba44-9702f5e350b6,Black Wireless Headphones 085,electronics,93996,461,1.8,2026-01-04T21:00:00,2026-01-04T21:00:00
f6695f98-dcb4-5268-9159-82abfb9ad7c1,Blue Java Concurrency Guide 086,books,146969,182,4.5,2026-01-04T22:00:00,2026-01-04T22:00:00
4f698ad6-f7d2-517b-af0d-efc9b13932b3,White Storage Basket 087,home,40714,384,4.7,2026-01-04T23:00:00,2026-01-04T23:00:00
071fc967-c588-5b1d-b9f6-474e27c43111,Blue Running Shoes 088,sports,46612,500,4.5,2026-01-05T00:00:00,2026-01-05T00:00:00
cc58cbc9-82b7-5328-91c5-137858df2dbe,Red Puzzle Set 089,toys,87279,378,4.1,2026-01-05T01:00:00,2026-01-05T01:00:00
287fc1a3-5e3d-5d55-baa8-98be281eefe8,White Hand Cream 090,beauty,41931,137,4.1,2026-01-05T02:00:00,2026-01-05T02:00:00
36e34284-2236-504d-a91e-b9758e19f81c,Red Smart Watch 091,electronics,10350,447,4.4,2026-01-05T03:00:00,2026-01-05T03:00:00
3e26f5a4-acfe-537f-8287-8bd7a9273ee8,Blue Spring in Practice 092,books,120864,419,2.4,2026-01-05T04:00:00,2026-01-05T04:00:00
e003b042-b32b-51da-b371-f07dcf25a32e,Blue Desk Lamp 093,home,173222,13,1.8,2026-01-05T05:00:00,2026-01-05T05:00:00
d921a494-480c-5901-81fa-3f735beb27ff,Black Water Bottle 094,sports,18397,0,4.9,2026-01-05T06:00:00,2026-01-05T06:00:00
a7faa08a-9c54-5ab2-9ec5-2c38cfa92ef1,Black Remote Car 095,toys,133736,329,2.6,2026-01-05T07:00:00,2026-01-05T07:00:00
b460c567-cb74-5dbf-8a14-cc242f45bbdd,Green Lip Balm 096,beauty,7434,481,1.5,2026-01-05T08:00:00,2026-01-05T08:00:00
1b787968-6fc6-55b9-808a-ae0a0594bc26,Black Bluetooth Speaker 097,electronics,69789,298,1.2,2026-01-05T09:00:00,2026-01-05T09:00:00
08d1d28f-3ce9-54fb-a6c0-070951b28fac,Green Clean Architecture 098,books,191182,177,4.1,2026-01-05T10:00:00,2026-01-05T10:00:00
d17e7cb6-af82-592f-9f69-f948d4eb9a26,White Storage Basket 099,home,30514,262,2.5,2026-01-05T11:00:00,2026-01-05T11:00:00
8ae8134c-0ca9-5a35-abef-71ed547f582f,Green Running Shoes 100,sports,11834,131,3.8,2026-01-05T12:00:00,2026-01-05T12:00:00
